"GEO","TIME","UNIT","AIRPOL","SRC_CRF","Value","Flag and Footnotes"
"Belgium","2010","Thousand tonnes","Greenhouse gases (CO2, N2O in CO2 equivalent, CH4 in CO2 equivalent, HFC in CO2 equivalent, PFC in CO2 equivalent, SF6 in CO2 equivalent, NF3 in CO2 equivalent)","Total (excluding LULUCF and memo items, including international aviation)","138,532.83",""
"Bulgaria","2010","Thousand tonnes","Greenhouse gases (CO2, N2O in CO2 equivalent, CH4 in CO2 equivalent, HFC in CO2 equivalent, PFC in CO2 equivalent, SF6 in CO2 equivalent, NF3 in CO2 equivalent)","Total (excluding LULUCF and memo items, including international aviation)","61,237.15",""
"Czechia","2010","Thousand tonnes","Greenhouse gases (CO2, N2O in CO2 equivalent, CH4 in CO2 equivalent, HFC in CO2 equivalent, PFC in CO2 equivalent, SF6 in CO2 equivalent, NF3 in CO2 equivalent)","Total (excluding LULUCF and memo items, including international aviation)","141,843.57",""
"Denmark","2010","Thousand tonnes","Greenhouse gases (CO2, N2O in CO2 equivalent, CH4 in CO2 equivalent, HFC in CO2 equivalent, PFC in CO2 equivalent, SF6 in CO2 equivalent, NF3 in CO2 equivalent)","Total (excluding LULUCF and memo items, including international aviation)","65,956.39",""
"Germany (until 1990 former territory of the FRG)","2010","Thousand tonnes","Greenhouse gases (CO2, N2O in CO2 equivalent, CH4 in CO2 equivalent, HFC in CO2 equivalent, PFC in CO2 equivalent, SF6 in CO2 equivalent, NF3 in CO2 equivalent)","Total (excluding LULUCF and memo items, including international aviation)","966,883.32",""
"Estonia","2010","Thousand tonnes","Greenhouse gases (CO2, N2O in CO2 equivalent, CH4 in CO2 equivalent, HFC in CO2 equivalent, PFC in CO2 equivalent, SF6 in CO2 equivalent, NF3 in CO2 equivalent)","Total (excluding LULUCF and memo items, including international aviation)","21,121.23",""
"Ireland","2010","Thousand tonnes","Greenhouse gases (CO2, N2O in CO2 equivalent, CH4 in CO2 equivalent, HFC in CO2 equivalent, PFC in CO2 equivalent, SF6 in CO2 equivalent, NF3 in CO2 equivalent)","Total (excluding LULUCF and memo items, including international aviation)","63,603.13",""
"Greece","2010","Thousand tonnes","Greenhouse gases (CO2, N2O in CO2 equivalent, CH4 in CO2 equivalent, HFC in CO2 equivalent, PFC in CO2 equivalent, SF6 in CO2 equivalent, NF3 in CO2 equivalent)","Total (excluding LULUCF and memo items, including international aviation)","121,128.42",""
"Spain","2010","Thousand tonnes","Greenhouse gases (CO2, N2O in CO2 equivalent, CH4 in CO2 equivalent, HFC in CO2 equivalent, PFC in CO2 equivalent, SF6 in CO2 equivalent, NF3 in CO2 equivalent)","Total (excluding LULUCF and memo items, including international aviation)","371,264.28",""
"France","2010","Thousand tonnes","Greenhouse gases (CO2, N2O in CO2 equivalent, CH4 in CO2 equivalent, HFC in CO2 equivalent, PFC in CO2 equivalent, SF6 in CO2 equivalent, NF3 in CO2 equivalent)","Total (excluding LULUCF and memo items, including international aviation)","527,870.48",""
"Croatia","2010","Thousand tonnes","Greenhouse gases (CO2, N2O in CO2 equivalent, CH4 in CO2 equivalent, HFC in CO2 equivalent, PFC in CO2 equivalent, SF6 in CO2 equivalent, NF3 in CO2 equivalent)","Total (excluding LULUCF and memo items, including international aviation)","28,331.7",""
"Italy","2010","Thousand tonnes","Greenhouse gases (CO2, N2O in CO2 equivalent, CH4 in CO2 equivalent, HFC in CO2 equivalent, PFC in CO2 equivalent, SF6 in CO2 equivalent, NF3 in CO2 equivalent)","Total (excluding LULUCF and memo items, including international aviation)","522,648.3",""
"Cyprus","2010","Thousand tonnes","Greenhouse gases (CO2, N2O in CO2 equivalent, CH4 in CO2 equivalent, HFC in CO2 equivalent, PFC in CO2 equivalent, SF6 in CO2 equivalent, NF3 in CO2 equivalent)","Total (excluding LULUCF and memo items, including international aviation)","10,350.44",""
"Latvia","2010","Thousand tonnes","Greenhouse gases (CO2, N2O in CO2 equivalent, CH4 in CO2 equivalent, HFC in CO2 equivalent, PFC in CO2 equivalent, SF6 in CO2 equivalent, NF3 in CO2 equivalent)","Total (excluding LULUCF and memo items, including international aviation)","12,638.24",""
"Lithuania","2010","Thousand tonnes","Greenhouse gases (CO2, N2O in CO2 equivalent, CH4 in CO2 equivalent, HFC in CO2 equivalent, PFC in CO2 equivalent, SF6 in CO2 equivalent, NF3 in CO2 equivalent)","Total (excluding LULUCF and memo items, including international aviation)","21,034.17",""
"Luxembourg","2010","Thousand tonnes","Greenhouse gases (CO2, N2O in CO2 equivalent, CH4 in CO2 equivalent, HFC in CO2 equivalent, PFC in CO2 equivalent, SF6 in CO2 equivalent, NF3 in CO2 equivalent)","Total (excluding LULUCF and memo items, including international aviation)","13,443.5",""
"Hungary","2010","Thousand tonnes","Greenhouse gases (CO2, N2O in CO2 equivalent, CH4 in CO2 equivalent, HFC in CO2 equivalent, PFC in CO2 equivalent, SF6 in CO2 equivalent, NF3 in CO2 equivalent)","Total (excluding LULUCF and memo items, including international aviation)","65,583.28",""
"Malta","2010","Thousand tonnes","Greenhouse gases (CO2, N2O in CO2 equivalent, CH4 in CO2 equivalent, HFC in CO2 equivalent, PFC in CO2 equivalent, SF6 in CO2 equivalent, NF3 in CO2 equivalent)","Total (excluding LULUCF and memo items, including international aviation)","3,290.06",""
"Netherlands","2010","Thousand tonnes","Greenhouse gases (CO2, N2O in CO2 equivalent, CH4 in CO2 equivalent, HFC in CO2 equivalent, PFC in CO2 equivalent, SF6 in CO2 equivalent, NF3 in CO2 equivalent)","Total (excluding LULUCF and memo items, including international aviation)","224,033.28",""
"Austria","2010","Thousand tonnes","Greenhouse gases (CO2, N2O in CO2 equivalent, CH4 in CO2 equivalent, HFC in CO2 equivalent, PFC in CO2 equivalent, SF6 in CO2 equivalent, NF3 in CO2 equivalent)","Total (excluding LULUCF and memo items, including international aviation)","86,683.86",""
"Poland","2010","Thousand tonnes","Greenhouse gases (CO2, N2O in CO2 equivalent, CH4 in CO2 equivalent, HFC in CO2 equivalent, PFC in CO2 equivalent, SF6 in CO2 equivalent, NF3 in CO2 equivalent)","Total (excluding LULUCF and memo items, including international aviation)","414,371.25",""
"Portugal","2010","Thousand tonnes","Greenhouse gases (CO2, N2O in CO2 equivalent, CH4 in CO2 equivalent, HFC in CO2 equivalent, PFC in CO2 equivalent, SF6 in CO2 equivalent, NF3 in CO2 equivalent)","Total (excluding LULUCF and memo items, including international aviation)","71,610.53",""
"Romania","2010","Thousand tonnes","Greenhouse gases (CO2, N2O in CO2 equivalent, CH4 in CO2 equivalent, HFC in CO2 equivalent, PFC in CO2 equivalent, SF6 in CO2 equivalent, NF3 in CO2 equivalent)","Total (excluding LULUCF and memo items, including international aviation)","124,676.3",""
"Slovenia","2010","Thousand tonnes","Greenhouse gases (CO2, N2O in CO2 equivalent, CH4 in CO2 equivalent, HFC in CO2 equivalent, PFC in CO2 equivalent, SF6 in CO2 equivalent, NF3 in CO2 equivalent)","Total (excluding LULUCF and memo items, including international aviation)","19,628.58",""
"Slovakia","2010","Thousand tonnes","Greenhouse gases (CO2, N2O in CO2 equivalent, CH4 in CO2 equivalent, HFC in CO2 equivalent, PFC in CO2 equivalent, SF6 in CO2 equivalent, NF3 in CO2 equivalent)","Total (excluding LULUCF and memo items, including international aviation)","46,538.8",""
"Finland","2010","Thousand tonnes","Greenhouse gases (CO2, N2O in CO2 equivalent, CH4 in CO2 equivalent, HFC in CO2 equivalent, PFC in CO2 equivalent, SF6 in CO2 equivalent, NF3 in CO2 equivalent)","Total (excluding LULUCF and memo items, including international aviation)","77,386.16",""
"Sweden","2010","Thousand tonnes","Greenhouse gases (CO2, N2O in CO2 equivalent, CH4 in CO2 equivalent, HFC in CO2 equivalent, PFC in CO2 equivalent, SF6 in CO2 equivalent, NF3 in CO2 equivalent)","Total (excluding LULUCF and memo items, including international aviation)","66,607.07",""
"United Kingdom","2010","Thousand tonnes","Greenhouse gases (CO2, N2O in CO2 equivalent, CH4 in CO2 equivalent, HFC in CO2 equivalent, PFC in CO2 equivalent, SF6 in CO2 equivalent, NF3 in CO2 equivalent)","Total (excluding LULUCF and memo items, including international aviation)","642,351.93",""
"Iceland","2010","Thousand tonnes","Greenhouse gases (CO2, N2O in CO2 equivalent, CH4 in CO2 equivalent, HFC in CO2 equivalent, PFC in CO2 equivalent, SF6 in CO2 equivalent, NF3 in CO2 equivalent)","Total (excluding LULUCF and memo items, including international aviation)","5,309.02",""
"Liechtenstein","2010","Thousand tonnes","Greenhouse gases (CO2, N2O in CO2 equivalent, CH4 in CO2 equivalent, HFC in CO2 equivalent, PFC in CO2 equivalent, SF6 in CO2 equivalent, NF3 in CO2 equivalent)","Total (excluding LULUCF and memo items, including international aviation)","229.87",""
"Norway","2010","Thousand tonnes","Greenhouse gases (CO2, N2O in CO2 equivalent, CH4 in CO2 equivalent, HFC in CO2 equivalent, PFC in CO2 equivalent, SF6 in CO2 equivalent, NF3 in CO2 equivalent)","Total (excluding LULUCF and memo items, including international aviation)","56,754.02",""
"Switzerland","2010","Thousand tonnes","Greenhouse gases (CO2, N2O in CO2 equivalent, CH4 in CO2 equivalent, HFC in CO2 equivalent, PFC in CO2 equivalent, SF6 in CO2 equivalent, NF3 in CO2 equivalent)","Total (excluding LULUCF and memo items, including international aviation)","59,130.12",""
"Turkey","2010","Thousand tonnes","Greenhouse gases (CO2, N2O in CO2 equivalent, CH4 in CO2 equivalent, HFC in CO2 equivalent, PFC in CO2 equivalent, SF6 in CO2 equivalent, NF3 in CO2 equivalent)","Total (excluding LULUCF and memo items, including international aviation)","404,790.91",""
"Belgium","2011","Thousand tonnes","Greenhouse gases (CO2, N2O in CO2 equivalent, CH4 in CO2 equivalent, HFC in CO2 equivalent, PFC in CO2 equivalent, SF6 in CO2 equivalent, NF3 in CO2 equivalent)","Total (excluding LULUCF and memo items, including international aviation)","128,262.58",""
"Bulgaria","2011","Thousand tonnes","Greenhouse gases (CO2, N2O in CO2 equivalent, CH4 in CO2 equivalent, HFC in CO2 equivalent, PFC in CO2 equivalent, SF6 in CO2 equivalent, NF3 in CO2 equivalent)","Total (excluding LULUCF and memo items, including international aviation)","66,512.5",""
"Czechia","2011","Thousand tonnes","Greenhouse gases (CO2, N2O in CO2 equivalent, CH4 in CO2 equivalent, HFC in CO2 equivalent, PFC in CO2 equivalent, SF6 in CO2 equivalent, NF3 in CO2 equivalent)","Total (excluding LULUCF and memo items, including international aviation)","140,274.23",""
"Denmark","2011","Thousand tonnes","Greenhouse gases (CO2, N2O in CO2 equivalent, CH4 in CO2 equivalent, HFC in CO2 equivalent, PFC in CO2 equivalent, SF6 in CO2 equivalent, NF3 in CO2 equivalent)","Total (excluding LULUCF and memo items, including international aviation)","60,798.59",""
"Germany (until 1990 former territory of the FRG)","2011","Thousand tonnes","Greenhouse gases (CO2, N2O in CO2 equivalent, CH4 in CO2 equivalent, HFC in CO2 equivalent, PFC in CO2 equivalent, SF6 in CO2 equivalent, NF3 in CO2 equivalent)","Total (excluding LULUCF and memo items, including international aviation)","942,801.15",""
"Estonia","2011","Thousand tonnes","Greenhouse gases (CO2, N2O in CO2 equivalent, CH4 in CO2 equivalent, HFC in CO2 equivalent, PFC in CO2 equivalent, SF6 in CO2 equivalent, NF3 in CO2 equivalent)","Total (excluding LULUCF and memo items, including international aviation)","21,196.04",""
"Ireland","2011","Thousand tonnes","Greenhouse gases (CO2, N2O in CO2 equivalent, CH4 in CO2 equivalent, HFC in CO2 equivalent, PFC in CO2 equivalent, SF6 in CO2 equivalent, NF3 in CO2 equivalent)","Total (excluding LULUCF and memo items, including international aviation)","59,242.84",""
"Greece","2011","Thousand tonnes","Greenhouse gases (CO2, N2O in CO2 equivalent, CH4 in CO2 equivalent, HFC in CO2 equivalent, PFC in CO2 equivalent, SF6 in CO2 equivalent, NF3 in CO2 equivalent)","Total (excluding LULUCF and memo items, including international aviation)","118,312.36",""
"Spain","2011","Thousand tonnes","Greenhouse gases (CO2, N2O in CO2 equivalent, CH4 in CO2 equivalent, HFC in CO2 equivalent, PFC in CO2 equivalent, SF6 in CO2 equivalent, NF3 in CO2 equivalent)","Total (excluding LULUCF and memo items, including international aviation)","371,761.21",""
"France","2011","Thousand tonnes","Greenhouse gases (CO2, N2O in CO2 equivalent, CH4 in CO2 equivalent, HFC in CO2 equivalent, PFC in CO2 equivalent, SF6 in CO2 equivalent, NF3 in CO2 equivalent)","Total (excluding LULUCF and memo items, including international aviation)","499,937.16",""
"Croatia","2011","Thousand tonnes","Greenhouse gases (CO2, N2O in CO2 equivalent, CH4 in CO2 equivalent, HFC in CO2 equivalent, PFC in CO2 equivalent, SF6 in CO2 equivalent, NF3 in CO2 equivalent)","Total (excluding LULUCF and memo items, including international aviation)","28,021.74",""
"Italy","2011","Thousand tonnes","Greenhouse gases (CO2, N2O in CO2 equivalent, CH4 in CO2 equivalent, HFC in CO2 equivalent, PFC in CO2 equivalent, SF6 in CO2 equivalent, NF3 in CO2 equivalent)","Total (excluding LULUCF and memo items, including international aviation)","510,584.89",""
"Cyprus","2011","Thousand tonnes","Greenhouse gases (CO2, N2O in CO2 equivalent, CH4 in CO2 equivalent, HFC in CO2 equivalent, PFC in CO2 equivalent, SF6 in CO2 equivalent, NF3 in CO2 equivalent)","Total (excluding LULUCF and memo items, including international aviation)","10,038.37",""
"Latvia","2011","Thousand tonnes","Greenhouse gases (CO2, N2O in CO2 equivalent, CH4 in CO2 equivalent, HFC in CO2 equivalent, PFC in CO2 equivalent, SF6 in CO2 equivalent, NF3 in CO2 equivalent)","Total (excluding LULUCF and memo items, including international aviation)","11,847.39",""
"Lithuania","2011","Thousand tonnes","Greenhouse gases (CO2, N2O in CO2 equivalent, CH4 in CO2 equivalent, HFC in CO2 equivalent, PFC in CO2 equivalent, SF6 in CO2 equivalent, NF3 in CO2 equivalent)","Total (excluding LULUCF and memo items, including international aviation)","21,631.05",""
"Luxembourg","2011","Thousand tonnes","Greenhouse gases (CO2, N2O in CO2 equivalent, CH4 in CO2 equivalent, HFC in CO2 equivalent, PFC in CO2 equivalent, SF6 in CO2 equivalent, NF3 in CO2 equivalent)","Total (excluding LULUCF and memo items, including international aviation)","13,238.58",""
"Hungary","2011","Thousand tonnes","Greenhouse gases (CO2, N2O in CO2 equivalent, CH4 in CO2 equivalent, HFC in CO2 equivalent, PFC in CO2 equivalent, SF6 in CO2 equivalent, NF3 in CO2 equivalent)","Total (excluding LULUCF and memo items, including international aviation)","63,972.76",""
"Malta","2011","Thousand tonnes","Greenhouse gases (CO2, N2O in CO2 equivalent, CH4 in CO2 equivalent, HFC in CO2 equivalent, PFC in CO2 equivalent, SF6 in CO2 equivalent, NF3 in CO2 equivalent)","Total (excluding LULUCF and memo items, including international aviation)","3,306.52",""
"Netherlands","2011","Thousand tonnes","Greenhouse gases (CO2, N2O in CO2 equivalent, CH4 in CO2 equivalent, HFC in CO2 equivalent, PFC in CO2 equivalent, SF6 in CO2 equivalent, NF3 in CO2 equivalent)","Total (excluding LULUCF and memo items, including international aviation)","210,347.58",""
"Austria","2011","Thousand tonnes","Greenhouse gases (CO2, N2O in CO2 equivalent, CH4 in CO2 equivalent, HFC in CO2 equivalent, PFC in CO2 equivalent, SF6 in CO2 equivalent, NF3 in CO2 equivalent)","Total (excluding LULUCF and memo items, including international aviation)","84,478.19",""
"Poland","2011","Thousand tonnes","Greenhouse gases (CO2, N2O in CO2 equivalent, CH4 in CO2 equivalent, HFC in CO2 equivalent, PFC in CO2 equivalent, SF6 in CO2 equivalent, NF3 in CO2 equivalent)","Total (excluding LULUCF and memo items, including international aviation)","413,413.62",""
"Portugal","2011","Thousand tonnes","Greenhouse gases (CO2, N2O in CO2 equivalent, CH4 in CO2 equivalent, HFC in CO2 equivalent, PFC in CO2 equivalent, SF6 in CO2 equivalent, NF3 in CO2 equivalent)","Total (excluding LULUCF and memo items, including international aviation)","70,294",""
"Romania","2011","Thousand tonnes","Greenhouse gases (CO2, N2O in CO2 equivalent, CH4 in CO2 equivalent, HFC in CO2 equivalent, PFC in CO2 equivalent, SF6 in CO2 equivalent, NF3 in CO2 equivalent)","Total (excluding LULUCF and memo items, including international aviation)","129,450.12",""
"Slovenia","2011","Thousand tonnes","Greenhouse gases (CO2, N2O in CO2 equivalent, CH4 in CO2 equivalent, HFC in CO2 equivalent, PFC in CO2 equivalent, SF6 in CO2 equivalent, NF3 in CO2 equivalent)","Total (excluding LULUCF and memo items, including international aviation)","19,634.47",""
"Slovakia","2011","Thousand tonnes","Greenhouse gases (CO2, N2O in CO2 equivalent, CH4 in CO2 equivalent, HFC in CO2 equivalent, PFC in CO2 equivalent, SF6 in CO2 equivalent, NF3 in CO2 equivalent)","Total (excluding LULUCF and memo items, including international aviation)","45,840.22",""
"Finland","2011","Thousand tonnes","Greenhouse gases (CO2, N2O in CO2 equivalent, CH4 in CO2 equivalent, HFC in CO2 equivalent, PFC in CO2 equivalent, SF6 in CO2 equivalent, NF3 in CO2 equivalent)","Total (excluding LULUCF and memo items, including international aviation)","69,937.89",""
"Sweden","2011","Thousand tonnes","Greenhouse gases (CO2, N2O in CO2 equivalent, CH4 in CO2 equivalent, HFC in CO2 equivalent, PFC in CO2 equivalent, SF6 in CO2 equivalent, NF3 in CO2 equivalent)","Total (excluding LULUCF and memo items, including international aviation)","62,437.18",""
"United Kingdom","2011","Thousand tonnes","Greenhouse gases (CO2, N2O in CO2 equivalent, CH4 in CO2 equivalent, HFC in CO2 equivalent, PFC in CO2 equivalent, SF6 in CO2 equivalent, NF3 in CO2 equivalent)","Total (excluding LULUCF and memo items, including international aviation)","596,603.65",""
"Iceland","2011","Thousand tonnes","Greenhouse gases (CO2, N2O in CO2 equivalent, CH4 in CO2 equivalent, HFC in CO2 equivalent, PFC in CO2 equivalent, SF6 in CO2 equivalent, NF3 in CO2 equivalent)","Total (excluding LULUCF and memo items, including international aviation)","5,106.06",""
"Liechtenstein","2011","Thousand tonnes","Greenhouse gases (CO2, N2O in CO2 equivalent, CH4 in CO2 equivalent, HFC in CO2 equivalent, PFC in CO2 equivalent, SF6 in CO2 equivalent, NF3 in CO2 equivalent)","Total (excluding LULUCF and memo items, including international aviation)","216.89",""
"Norway","2011","Thousand tonnes","Greenhouse gases (CO2, N2O in CO2 equivalent, CH4 in CO2 equivalent, HFC in CO2 equivalent, PFC in CO2 equivalent, SF6 in CO2 equivalent, NF3 in CO2 equivalent)","Total (excluding LULUCF and memo items, including international aviation)","56,028.2",""
"Switzerland","2011","Thousand tonnes","Greenhouse gases (CO2, N2O in CO2 equivalent, CH4 in CO2 equivalent, HFC in CO2 equivalent, PFC in CO2 equivalent, SF6 in CO2 equivalent, NF3 in CO2 equivalent)","Total (excluding LULUCF and memo items, including international aviation)","55,319.17",""
"Turkey","2011","Thousand tonnes","Greenhouse gases (CO2, N2O in CO2 equivalent, CH4 in CO2 equivalent, HFC in CO2 equivalent, PFC in CO2 equivalent, SF6 in CO2 equivalent, NF3 in CO2 equivalent)","Total (excluding LULUCF and memo items, including international aviation)","434,657.15",""
"Belgium","2012","Thousand tonnes","Greenhouse gases (CO2, N2O in CO2 equivalent, CH4 in CO2 equivalent, HFC in CO2 equivalent, PFC in CO2 equivalent, SF6 in CO2 equivalent, NF3 in CO2 equivalent)","Total (excluding LULUCF and memo items, including international aviation)","125,047.63",""
"Bulgaria","2012","Thousand tonnes","Greenhouse gases (CO2, N2O in CO2 equivalent, CH4 in CO2 equivalent, HFC in CO2 equivalent, PFC in CO2 equivalent, SF6 in CO2 equivalent, NF3 in CO2 equivalent)","Total (excluding LULUCF and memo items, including international aviation)","61,438.67",""
"Czechia","2012","Thousand tonnes","Greenhouse gases (CO2, N2O in CO2 equivalent, CH4 in CO2 equivalent, HFC in CO2 equivalent, PFC in CO2 equivalent, SF6 in CO2 equivalent, NF3 in CO2 equivalent)","Total (excluding LULUCF and memo items, including international aviation)","136,009.48",""
"Denmark","2012","Thousand tonnes","Greenhouse gases (CO2, N2O in CO2 equivalent, CH4 in CO2 equivalent, HFC in CO2 equivalent, PFC in CO2 equivalent, SF6 in CO2 equivalent, NF3 in CO2 equivalent)","Total (excluding LULUCF and memo items, including international aviation)","56,256.72",""
"Germany (until 1990 former territory of the FRG)","2012","Thousand tonnes","Greenhouse gases (CO2, N2O in CO2 equivalent, CH4 in CO2 equivalent, HFC in CO2 equivalent, PFC in CO2 equivalent, SF6 in CO2 equivalent, NF3 in CO2 equivalent)","Total (excluding LULUCF and memo items, including international aviation)","949,425.9",""
"Estonia","2012","Thousand tonnes","Greenhouse gases (CO2, N2O in CO2 equivalent, CH4 in CO2 equivalent, HFC in CO2 equivalent, PFC in CO2 equivalent, SF6 in CO2 equivalent, NF3 in CO2 equivalent)","Total (excluding LULUCF and memo items, including international aviation)","20,147.95",""
"Ireland","2012","Thousand tonnes","Greenhouse gases (CO2, N2O in CO2 equivalent, CH4 in CO2 equivalent, HFC in CO2 equivalent, PFC in CO2 equivalent, SF6 in CO2 equivalent, NF3 in CO2 equivalent)","Total (excluding LULUCF and memo items, including international aviation)","59,505.26",""
"Greece","2012","Thousand tonnes","Greenhouse gases (CO2, N2O in CO2 equivalent, CH4 in CO2 equivalent, HFC in CO2 equivalent, PFC in CO2 equivalent, SF6 in CO2 equivalent, NF3 in CO2 equivalent)","Total (excluding LULUCF and memo items, including international aviation)","114,734.16",""
"Spain","2012","Thousand tonnes","Greenhouse gases (CO2, N2O in CO2 equivalent, CH4 in CO2 equivalent, HFC in CO2 equivalent, PFC in CO2 equivalent, SF6 in CO2 equivalent, NF3 in CO2 equivalent)","Total (excluding LULUCF and memo items, including international aviation)","364,061.25",""
"France","2012","Thousand tonnes","Greenhouse gases (CO2, N2O in CO2 equivalent, CH4 in CO2 equivalent, HFC in CO2 equivalent, PFC in CO2 equivalent, SF6 in CO2 equivalent, NF3 in CO2 equivalent)","Total (excluding LULUCF and memo items, including international aviation)","500,033.48",""
"Croatia","2012","Thousand tonnes","Greenhouse gases (CO2, N2O in CO2 equivalent, CH4 in CO2 equivalent, HFC in CO2 equivalent, PFC in CO2 equivalent, SF6 in CO2 equivalent, NF3 in CO2 equivalent)","Total (excluding LULUCF and memo items, including international aviation)","26,220.3",""
"Italy","2012","Thousand tonnes","Greenhouse gases (CO2, N2O in CO2 equivalent, CH4 in CO2 equivalent, HFC in CO2 equivalent, PFC in CO2 equivalent, SF6 in CO2 equivalent, NF3 in CO2 equivalent)","Total (excluding LULUCF and memo items, including international aviation)","491,371.01",""
"Cyprus","2012","Thousand tonnes","Greenhouse gases (CO2, N2O in CO2 equivalent, CH4 in CO2 equivalent, HFC in CO2 equivalent, PFC in CO2 equivalent, SF6 in CO2 equivalent, NF3 in CO2 equivalent)","Total (excluding LULUCF and memo items, including international aviation)","9,466.57",""
"Latvia","2012","Thousand tonnes","Greenhouse gases (CO2, N2O in CO2 equivalent, CH4 in CO2 equivalent, HFC in CO2 equivalent, PFC in CO2 equivalent, SF6 in CO2 equivalent, NF3 in CO2 equivalent)","Total (excluding LULUCF and memo items, including international aviation)","11,675.3",""
"Lithuania","2012","Thousand tonnes","Greenhouse gases (CO2, N2O in CO2 equivalent, CH4 in CO2 equivalent, HFC in CO2 equivalent, PFC in CO2 equivalent, SF6 in CO2 equivalent, NF3 in CO2 equivalent)","Total (excluding LULUCF and memo items, including international aviation)","21,588.36",""
"Luxembourg","2012","Thousand tonnes","Greenhouse gases (CO2, N2O in CO2 equivalent, CH4 in CO2 equivalent, HFC in CO2 equivalent, PFC in CO2 equivalent, SF6 in CO2 equivalent, NF3 in CO2 equivalent)","Total (excluding LULUCF and memo items, including international aviation)","12,873.35",""
"Hungary","2012","Thousand tonnes","Greenhouse gases (CO2, N2O in CO2 equivalent, CH4 in CO2 equivalent, HFC in CO2 equivalent, PFC in CO2 equivalent, SF6 in CO2 equivalent, NF3 in CO2 equivalent)","Total (excluding LULUCF and memo items, including international aviation)","60,097.09",""
"Malta","2012","Thousand tonnes","Greenhouse gases (CO2, N2O in CO2 equivalent, CH4 in CO2 equivalent, HFC in CO2 equivalent, PFC in CO2 equivalent, SF6 in CO2 equivalent, NF3 in CO2 equivalent)","Total (excluding LULUCF and memo items, including international aviation)","3,506.98",""
"Netherlands","2012","Thousand tonnes","Greenhouse gases (CO2, N2O in CO2 equivalent, CH4 in CO2 equivalent, HFC in CO2 equivalent, PFC in CO2 equivalent, SF6 in CO2 equivalent, NF3 in CO2 equivalent)","Total (excluding LULUCF and memo items, including international aviation)","206,023.44",""
"Austria","2012","Thousand tonnes","Greenhouse gases (CO2, N2O in CO2 equivalent, CH4 in CO2 equivalent, HFC in CO2 equivalent, PFC in CO2 equivalent, SF6 in CO2 equivalent, NF3 in CO2 equivalent)","Total (excluding LULUCF and memo items, including international aviation)","81,623.34",""
"Poland","2012","Thousand tonnes","Greenhouse gases (CO2, N2O in CO2 equivalent, CH4 in CO2 equivalent, HFC in CO2 equivalent, PFC in CO2 equivalent, SF6 in CO2 equivalent, NF3 in CO2 equivalent)","Total (excluding LULUCF and memo items, including international aviation)","406,047",""
"Portugal","2012","Thousand tonnes","Greenhouse gases (CO2, N2O in CO2 equivalent, CH4 in CO2 equivalent, HFC in CO2 equivalent, PFC in CO2 equivalent, SF6 in CO2 equivalent, NF3 in CO2 equivalent)","Total (excluding LULUCF and memo items, including international aviation)","68,434.2",""
"Romania","2012","Thousand tonnes","Greenhouse gases (CO2, N2O in CO2 equivalent, CH4 in CO2 equivalent, HFC in CO2 equivalent, PFC in CO2 equivalent, SF6 in CO2 equivalent, NF3 in CO2 equivalent)","Total (excluding LULUCF and memo items, including international aviation)","126,041.59",""
"Slovenia","2012","Thousand tonnes","Greenhouse gases (CO2, N2O in CO2 equivalent, CH4 in CO2 equivalent, HFC in CO2 equivalent, PFC in CO2 equivalent, SF6 in CO2 equivalent, NF3 in CO2 equivalent)","Total (excluding LULUCF and memo items, including international aviation)","19,071.23",""
"Slovakia","2012","Thousand tonnes","Greenhouse gases (CO2, N2O in CO2 equivalent, CH4 in CO2 equivalent, HFC in CO2 equivalent, PFC in CO2 equivalent, SF6 in CO2 equivalent, NF3 in CO2 equivalent)","Total (excluding LULUCF and memo items, including international aviation)","43,307.03",""
"Finland","2012","Thousand tonnes","Greenhouse gases (CO2, N2O in CO2 equivalent, CH4 in CO2 equivalent, HFC in CO2 equivalent, PFC in CO2 equivalent, SF6 in CO2 equivalent, NF3 in CO2 equivalent)","Total (excluding LULUCF and memo items, including international aviation)","64,385.09",""
"Sweden","2012","Thousand tonnes","Greenhouse gases (CO2, N2O in CO2 equivalent, CH4 in CO2 equivalent, HFC in CO2 equivalent, PFC in CO2 equivalent, SF6 in CO2 equivalent, NF3 in CO2 equivalent)","Total (excluding LULUCF and memo items, including international aviation)","59,489.89",""
"United Kingdom","2012","Thousand tonnes","Greenhouse gases (CO2, N2O in CO2 equivalent, CH4 in CO2 equivalent, HFC in CO2 equivalent, PFC in CO2 equivalent, SF6 in CO2 equivalent, NF3 in CO2 equivalent)","Total (excluding LULUCF and memo items, including international aviation)","612,397.26",""
"Iceland","2012","Thousand tonnes","Greenhouse gases (CO2, N2O in CO2 equivalent, CH4 in CO2 equivalent, HFC in CO2 equivalent, PFC in CO2 equivalent, SF6 in CO2 equivalent, NF3 in CO2 equivalent)","Total (excluding LULUCF and memo items, including international aviation)","5,129.01",""
"Liechtenstein","2012","Thousand tonnes","Greenhouse gases (CO2, N2O in CO2 equivalent, CH4 in CO2 equivalent, HFC in CO2 equivalent, PFC in CO2 equivalent, SF6 in CO2 equivalent, NF3 in CO2 equivalent)","Total (excluding LULUCF and memo items, including international aviation)","226.32",""
"Norway","2012","Thousand tonnes","Greenhouse gases (CO2, N2O in CO2 equivalent, CH4 in CO2 equivalent, HFC in CO2 equivalent, PFC in CO2 equivalent, SF6 in CO2 equivalent, NF3 in CO2 equivalent)","Total (excluding LULUCF and memo items, including international aviation)","55,637.1",""
"Switzerland","2012","Thousand tonnes","Greenhouse gases (CO2, N2O in CO2 equivalent, CH4 in CO2 equivalent, HFC in CO2 equivalent, PFC in CO2 equivalent, SF6 in CO2 equivalent, NF3 in CO2 equivalent)","Total (excluding LULUCF and memo items, including international aviation)","56,843.85",""
"Turkey","2012","Thousand tonnes","Greenhouse gases (CO2, N2O in CO2 equivalent, CH4 in CO2 equivalent, HFC in CO2 equivalent, PFC in CO2 equivalent, SF6 in CO2 equivalent, NF3 in CO2 equivalent)","Total (excluding LULUCF and memo items, including international aviation)","455,004.51",""
"Belgium","2013","Thousand tonnes","Greenhouse gases (CO2, N2O in CO2 equivalent, CH4 in CO2 equivalent, HFC in CO2 equivalent, PFC in CO2 equivalent, SF6 in CO2 equivalent, NF3 in CO2 equivalent)","Total (excluding LULUCF and memo items, including international aviation)","124,850.52",""
"Bulgaria","2013","Thousand tonnes","Greenhouse gases (CO2, N2O in CO2 equivalent, CH4 in CO2 equivalent, HFC in CO2 equivalent, PFC in CO2 equivalent, SF6 in CO2 equivalent, NF3 in CO2 equivalent)","Total (excluding LULUCF and memo items, including international aviation)","56,152.29",""
"Czechia","2013","Thousand tonnes","Greenhouse gases (CO2, N2O in CO2 equivalent, CH4 in CO2 equivalent, HFC in CO2 equivalent, PFC in CO2 equivalent, SF6 in CO2 equivalent, NF3 in CO2 equivalent)","Total (excluding LULUCF and memo items, including international aviation)","130,659.48",""
"Denmark","2013","Thousand tonnes","Greenhouse gases (CO2, N2O in CO2 equivalent, CH4 in CO2 equivalent, HFC in CO2 equivalent, PFC in CO2 equivalent, SF6 in CO2 equivalent, NF3 in CO2 equivalent)","Total (excluding LULUCF and memo items, including international aviation)","57,970.25",""
"Germany (until 1990 former territory of the FRG)","2013","Thousand tonnes","Greenhouse gases (CO2, N2O in CO2 equivalent, CH4 in CO2 equivalent, HFC in CO2 equivalent, PFC in CO2 equivalent, SF6 in CO2 equivalent, NF3 in CO2 equivalent)","Total (excluding LULUCF and memo items, including international aviation)","967,357.05",""
"Estonia","2013","Thousand tonnes","Greenhouse gases (CO2, N2O in CO2 equivalent, CH4 in CO2 equivalent, HFC in CO2 equivalent, PFC in CO2 equivalent, SF6 in CO2 equivalent, NF3 in CO2 equivalent)","Total (excluding LULUCF and memo items, including international aviation)","21,992.51",""
"Ireland","2013","Thousand tonnes","Greenhouse gases (CO2, N2O in CO2 equivalent, CH4 in CO2 equivalent, HFC in CO2 equivalent, PFC in CO2 equivalent, SF6 in CO2 equivalent, NF3 in CO2 equivalent)","Total (excluding LULUCF and memo items, including international aviation)","59,611.81",""
"Greece","2013","Thousand tonnes","Greenhouse gases (CO2, N2O in CO2 equivalent, CH4 in CO2 equivalent, HFC in CO2 equivalent, PFC in CO2 equivalent, SF6 in CO2 equivalent, NF3 in CO2 equivalent)","Total (excluding LULUCF and memo items, including international aviation)","105,192.56",""
"Spain","2013","Thousand tonnes","Greenhouse gases (CO2, N2O in CO2 equivalent, CH4 in CO2 equivalent, HFC in CO2 equivalent, PFC in CO2 equivalent, SF6 in CO2 equivalent, NF3 in CO2 equivalent)","Total (excluding LULUCF and memo items, including international aviation)","337,898.07",""
"France","2013","Thousand tonnes","Greenhouse gases (CO2, N2O in CO2 equivalent, CH4 in CO2 equivalent, HFC in CO2 equivalent, PFC in CO2 equivalent, SF6 in CO2 equivalent, NF3 in CO2 equivalent)","Total (excluding LULUCF and memo items, including international aviation)","501,009.95",""
"Croatia","2013","Thousand tonnes","Greenhouse gases (CO2, N2O in CO2 equivalent, CH4 in CO2 equivalent, HFC in CO2 equivalent, PFC in CO2 equivalent, SF6 in CO2 equivalent, NF3 in CO2 equivalent)","Total (excluding LULUCF and memo items, including international aviation)","24,833.37",""
"Italy","2013","Thousand tonnes","Greenhouse gases (CO2, N2O in CO2 equivalent, CH4 in CO2 equivalent, HFC in CO2 equivalent, PFC in CO2 equivalent, SF6 in CO2 equivalent, NF3 in CO2 equivalent)","Total (excluding LULUCF and memo items, including international aviation)","456,024.02",""
"Cyprus","2013","Thousand tonnes","Greenhouse gases (CO2, N2O in CO2 equivalent, CH4 in CO2 equivalent, HFC in CO2 equivalent, PFC in CO2 equivalent, SF6 in CO2 equivalent, NF3 in CO2 equivalent)","Total (excluding LULUCF and memo items, including international aviation)","8,694.77",""
"Latvia","2013","Thousand tonnes","Greenhouse gases (CO2, N2O in CO2 equivalent, CH4 in CO2 equivalent, HFC in CO2 equivalent, PFC in CO2 equivalent, SF6 in CO2 equivalent, NF3 in CO2 equivalent)","Total (excluding LULUCF and memo items, including international aviation)","11,619.01",""
"Lithuania","2013","Thousand tonnes","Greenhouse gases (CO2, N2O in CO2 equivalent, CH4 in CO2 equivalent, HFC in CO2 equivalent, PFC in CO2 equivalent, SF6 in CO2 equivalent, NF3 in CO2 equivalent)","Total (excluding LULUCF and memo items, including international aviation)","20,380.5",""
"Luxembourg","2013","Thousand tonnes","Greenhouse gases (CO2, N2O in CO2 equivalent, CH4 in CO2 equivalent, HFC in CO2 equivalent, PFC in CO2 equivalent, SF6 in CO2 equivalent, NF3 in CO2 equivalent)","Total (excluding LULUCF and memo items, including international aviation)","12,340.09",""
"Hungary","2013","Thousand tonnes","Greenhouse gases (CO2, N2O in CO2 equivalent, CH4 in CO2 equivalent, HFC in CO2 equivalent, PFC in CO2 equivalent, SF6 in CO2 equivalent, NF3 in CO2 equivalent)","Total (excluding LULUCF and memo items, including international aviation)","57,277.67",""
"Malta","2013","Thousand tonnes","Greenhouse gases (CO2, N2O in CO2 equivalent, CH4 in CO2 equivalent, HFC in CO2 equivalent, PFC in CO2 equivalent, SF6 in CO2 equivalent, NF3 in CO2 equivalent)","Total (excluding LULUCF and memo items, including international aviation)","3,208.94",""
"Netherlands","2013","Thousand tonnes","Greenhouse gases (CO2, N2O in CO2 equivalent, CH4 in CO2 equivalent, HFC in CO2 equivalent, PFC in CO2 equivalent, SF6 in CO2 equivalent, NF3 in CO2 equivalent)","Total (excluding LULUCF and memo items, including international aviation)","205,848.91",""
"Austria","2013","Thousand tonnes","Greenhouse gases (CO2, N2O in CO2 equivalent, CH4 in CO2 equivalent, HFC in CO2 equivalent, PFC in CO2 equivalent, SF6 in CO2 equivalent, NF3 in CO2 equivalent)","Total (excluding LULUCF and memo items, including international aviation)","81,968.26",""
"Poland","2013","Thousand tonnes","Greenhouse gases (CO2, N2O in CO2 equivalent, CH4 in CO2 equivalent, HFC in CO2 equivalent, PFC in CO2 equivalent, SF6 in CO2 equivalent, NF3 in CO2 equivalent)","Total (excluding LULUCF and memo items, including international aviation)","402,669.1",""
"Portugal","2013","Thousand tonnes","Greenhouse gases (CO2, N2O in CO2 equivalent, CH4 in CO2 equivalent, HFC in CO2 equivalent, PFC in CO2 equivalent, SF6 in CO2 equivalent, NF3 in CO2 equivalent)","Total (excluding LULUCF and memo items, including international aviation)","66,631.03",""
"Romania","2013","Thousand tonnes","Greenhouse gases (CO2, N2O in CO2 equivalent, CH4 in CO2 equivalent, HFC in CO2 equivalent, PFC in CO2 equivalent, SF6 in CO2 equivalent, NF3 in CO2 equivalent)","Total (excluding LULUCF and memo items, including international aviation)","116,501.16",""
"Slovenia","2013","Thousand tonnes","Greenhouse gases (CO2, N2O in CO2 equivalent, CH4 in CO2 equivalent, HFC in CO2 equivalent, PFC in CO2 equivalent, SF6 in CO2 equivalent, NF3 in CO2 equivalent)","Total (excluding LULUCF and memo items, including international aviation)","18,380.78",""
"Slovakia","2013","Thousand tonnes","Greenhouse gases (CO2, N2O in CO2 equivalent, CH4 in CO2 equivalent, HFC in CO2 equivalent, PFC in CO2 equivalent, SF6 in CO2 equivalent, NF3 in CO2 equivalent)","Total (excluding LULUCF and memo items, including international aviation)","42,968.75",""
"Finland","2013","Thousand tonnes","Greenhouse gases (CO2, N2O in CO2 equivalent, CH4 in CO2 equivalent, HFC in CO2 equivalent, PFC in CO2 equivalent, SF6 in CO2 equivalent, NF3 in CO2 equivalent)","Total (excluding LULUCF and memo items, including international aviation)","64,881.38",""
"Sweden","2013","Thousand tonnes","Greenhouse gases (CO2, N2O in CO2 equivalent, CH4 in CO2 equivalent, HFC in CO2 equivalent, PFC in CO2 equivalent, SF6 in CO2 equivalent, NF3 in CO2 equivalent)","Total (excluding LULUCF and memo items, including international aviation)","57,879.1",""
"United Kingdom","2013","Thousand tonnes","Greenhouse gases (CO2, N2O in CO2 equivalent, CH4 in CO2 equivalent, HFC in CO2 equivalent, PFC in CO2 equivalent, SF6 in CO2 equivalent, NF3 in CO2 equivalent)","Total (excluding LULUCF and memo items, including international aviation)","598,957.74",""
"Iceland","2013","Thousand tonnes","Greenhouse gases (CO2, N2O in CO2 equivalent, CH4 in CO2 equivalent, HFC in CO2 equivalent, PFC in CO2 equivalent, SF6 in CO2 equivalent, NF3 in CO2 equivalent)","Total (excluding LULUCF and memo items, including international aviation)","5,191.35",""
"Liechtenstein","2013","Thousand tonnes","Greenhouse gases (CO2, N2O in CO2 equivalent, CH4 in CO2 equivalent, HFC in CO2 equivalent, PFC in CO2 equivalent, SF6 in CO2 equivalent, NF3 in CO2 equivalent)","Total (excluding LULUCF and memo items, including international aviation)","232.82",""
"Norway","2013","Thousand tonnes","Greenhouse gases (CO2, N2O in CO2 equivalent, CH4 in CO2 equivalent, HFC in CO2 equivalent, PFC in CO2 equivalent, SF6 in CO2 equivalent, NF3 in CO2 equivalent)","Total (excluding LULUCF and memo items, including international aviation)","55,648.89",""
"Switzerland","2013","Thousand tonnes","Greenhouse gases (CO2, N2O in CO2 equivalent, CH4 in CO2 equivalent, HFC in CO2 equivalent, PFC in CO2 equivalent, SF6 in CO2 equivalent, NF3 in CO2 equivalent)","Total (excluding LULUCF and memo items, including international aviation)","57,677.53",""
"Turkey","2013","Thousand tonnes","Greenhouse gases (CO2, N2O in CO2 equivalent, CH4 in CO2 equivalent, HFC in CO2 equivalent, PFC in CO2 equivalent, SF6 in CO2 equivalent, NF3 in CO2 equivalent)","Total (excluding LULUCF and memo items, including international aviation)","448,060.15",""
"Belgium","2014","Thousand tonnes","Greenhouse gases (CO2, N2O in CO2 equivalent, CH4 in CO2 equivalent, HFC in CO2 equivalent, PFC in CO2 equivalent, SF6 in CO2 equivalent, NF3 in CO2 equivalent)","Total (excluding LULUCF and memo items, including international aviation)","119,301.53",""
"Bulgaria","2014","Thousand tonnes","Greenhouse gases (CO2, N2O in CO2 equivalent, CH4 in CO2 equivalent, HFC in CO2 equivalent, PFC in CO2 equivalent, SF6 in CO2 equivalent, NF3 in CO2 equivalent)","Total (excluding LULUCF and memo items, including international aviation)","59,195.85",""
"Czechia","2014","Thousand tonnes","Greenhouse gases (CO2, N2O in CO2 equivalent, CH4 in CO2 equivalent, HFC in CO2 equivalent, PFC in CO2 equivalent, SF6 in CO2 equivalent, NF3 in CO2 equivalent)","Total (excluding LULUCF and memo items, including international aviation)","128,550.39",""
"Denmark","2014","Thousand tonnes","Greenhouse gases (CO2, N2O in CO2 equivalent, CH4 in CO2 equivalent, HFC in CO2 equivalent, PFC in CO2 equivalent, SF6 in CO2 equivalent, NF3 in CO2 equivalent)","Total (excluding LULUCF and memo items, including international aviation)","53,953.4",""
"Germany (until 1990 former territory of the FRG)","2014","Thousand tonnes","Greenhouse gases (CO2, N2O in CO2 equivalent, CH4 in CO2 equivalent, HFC in CO2 equivalent, PFC in CO2 equivalent, SF6 in CO2 equivalent, NF3 in CO2 equivalent)","Total (excluding LULUCF and memo items, including international aviation)","927,146.51",""
"Estonia","2014","Thousand tonnes","Greenhouse gases (CO2, N2O in CO2 equivalent, CH4 in CO2 equivalent, HFC in CO2 equivalent, PFC in CO2 equivalent, SF6 in CO2 equivalent, NF3 in CO2 equivalent)","Total (excluding LULUCF and memo items, including international aviation)","21,201.34",""
"Ireland","2014","Thousand tonnes","Greenhouse gases (CO2, N2O in CO2 equivalent, CH4 in CO2 equivalent, HFC in CO2 equivalent, PFC in CO2 equivalent, SF6 in CO2 equivalent, NF3 in CO2 equivalent)","Total (excluding LULUCF and memo items, including international aviation)","59,567.57",""
"Greece","2014","Thousand tonnes","Greenhouse gases (CO2, N2O in CO2 equivalent, CH4 in CO2 equivalent, HFC in CO2 equivalent, PFC in CO2 equivalent, SF6 in CO2 equivalent, NF3 in CO2 equivalent)","Total (excluding LULUCF and memo items, including international aviation)","102,130.92",""
"Spain","2014","Thousand tonnes","Greenhouse gases (CO2, N2O in CO2 equivalent, CH4 in CO2 equivalent, HFC in CO2 equivalent, PFC in CO2 equivalent, SF6 in CO2 equivalent, NF3 in CO2 equivalent)","Total (excluding LULUCF and memo items, including international aviation)","340,543.61",""
"France","2014","Thousand tonnes","Greenhouse gases (CO2, N2O in CO2 equivalent, CH4 in CO2 equivalent, HFC in CO2 equivalent, PFC in CO2 equivalent, SF6 in CO2 equivalent, NF3 in CO2 equivalent)","Total (excluding LULUCF and memo items, including international aviation)","470,141.28",""
"Croatia","2014","Thousand tonnes","Greenhouse gases (CO2, N2O in CO2 equivalent, CH4 in CO2 equivalent, HFC in CO2 equivalent, PFC in CO2 equivalent, SF6 in CO2 equivalent, NF3 in CO2 equivalent)","Total (excluding LULUCF and memo items, including international aviation)","24,068.48",""
"Italy","2014","Thousand tonnes","Greenhouse gases (CO2, N2O in CO2 equivalent, CH4 in CO2 equivalent, HFC in CO2 equivalent, PFC in CO2 equivalent, SF6 in CO2 equivalent, NF3 in CO2 equivalent)","Total (excluding LULUCF and memo items, including international aviation)","435,597.23",""
"Cyprus","2014","Thousand tonnes","Greenhouse gases (CO2, N2O in CO2 equivalent, CH4 in CO2 equivalent, HFC in CO2 equivalent, PFC in CO2 equivalent, SF6 in CO2 equivalent, NF3 in CO2 equivalent)","Total (excluding LULUCF and memo items, including international aviation)","9,071.14",""
"Latvia","2014","Thousand tonnes","Greenhouse gases (CO2, N2O in CO2 equivalent, CH4 in CO2 equivalent, HFC in CO2 equivalent, PFC in CO2 equivalent, SF6 in CO2 equivalent, NF3 in CO2 equivalent)","Total (excluding LULUCF and memo items, including international aviation)","11,486.22",""
"Lithuania","2014","Thousand tonnes","Greenhouse gases (CO2, N2O in CO2 equivalent, CH4 in CO2 equivalent, HFC in CO2 equivalent, PFC in CO2 equivalent, SF6 in CO2 equivalent, NF3 in CO2 equivalent)","Total (excluding LULUCF and memo items, including international aviation)","20,346.8",""
"Luxembourg","2014","Thousand tonnes","Greenhouse gases (CO2, N2O in CO2 equivalent, CH4 in CO2 equivalent, HFC in CO2 equivalent, PFC in CO2 equivalent, SF6 in CO2 equivalent, NF3 in CO2 equivalent)","Total (excluding LULUCF and memo items, including international aviation)","11,976.05",""
"Hungary","2014","Thousand tonnes","Greenhouse gases (CO2, N2O in CO2 equivalent, CH4 in CO2 equivalent, HFC in CO2 equivalent, PFC in CO2 equivalent, SF6 in CO2 equivalent, NF3 in CO2 equivalent)","Total (excluding LULUCF and memo items, including international aviation)","57,934.33",""
"Malta","2014","Thousand tonnes","Greenhouse gases (CO2, N2O in CO2 equivalent, CH4 in CO2 equivalent, HFC in CO2 equivalent, PFC in CO2 equivalent, SF6 in CO2 equivalent, NF3 in CO2 equivalent)","Total (excluding LULUCF and memo items, including international aviation)","3,266.9",""
"Netherlands","2014","Thousand tonnes","Greenhouse gases (CO2, N2O in CO2 equivalent, CH4 in CO2 equivalent, HFC in CO2 equivalent, PFC in CO2 equivalent, SF6 in CO2 equivalent, NF3 in CO2 equivalent)","Total (excluding LULUCF and memo items, including international aviation)","198,532.76",""
"Austria","2014","Thousand tonnes","Greenhouse gases (CO2, N2O in CO2 equivalent, CH4 in CO2 equivalent, HFC in CO2 equivalent, PFC in CO2 equivalent, SF6 in CO2 equivalent, NF3 in CO2 equivalent)","Total (excluding LULUCF and memo items, including international aviation)","78,343.58",""
"Poland","2014","Thousand tonnes","Greenhouse gases (CO2, N2O in CO2 equivalent, CH4 in CO2 equivalent, HFC in CO2 equivalent, PFC in CO2 equivalent, SF6 in CO2 equivalent, NF3 in CO2 equivalent)","Total (excluding LULUCF and memo items, including international aviation)","390,176.98",""
"Portugal","2014","Thousand tonnes","Greenhouse gases (CO2, N2O in CO2 equivalent, CH4 in CO2 equivalent, HFC in CO2 equivalent, PFC in CO2 equivalent, SF6 in CO2 equivalent, NF3 in CO2 equivalent)","Total (excluding LULUCF and memo items, including international aviation)","66,708.1",""
"Romania","2014","Thousand tonnes","Greenhouse gases (CO2, N2O in CO2 equivalent, CH4 in CO2 equivalent, HFC in CO2 equivalent, PFC in CO2 equivalent, SF6 in CO2 equivalent, NF3 in CO2 equivalent)","Total (excluding LULUCF and memo items, including international aviation)","116,839.82",""
"Slovenia","2014","Thousand tonnes","Greenhouse gases (CO2, N2O in CO2 equivalent, CH4 in CO2 equivalent, HFC in CO2 equivalent, PFC in CO2 equivalent, SF6 in CO2 equivalent, NF3 in CO2 equivalent)","Total (excluding LULUCF and memo items, including international aviation)","16,647.18",""
"Slovakia","2014","Thousand tonnes","Greenhouse gases (CO2, N2O in CO2 equivalent, CH4 in CO2 equivalent, HFC in CO2 equivalent, PFC in CO2 equivalent, SF6 in CO2 equivalent, NF3 in CO2 equivalent)","Total (excluding LULUCF and memo items, including international aviation)","40,911.05",""
"Finland","2014","Thousand tonnes","Greenhouse gases (CO2, N2O in CO2 equivalent, CH4 in CO2 equivalent, HFC in CO2 equivalent, PFC in CO2 equivalent, SF6 in CO2 equivalent, NF3 in CO2 equivalent)","Total (excluding LULUCF and memo items, including international aviation)","60,692.42",""
"Sweden","2014","Thousand tonnes","Greenhouse gases (CO2, N2O in CO2 equivalent, CH4 in CO2 equivalent, HFC in CO2 equivalent, PFC in CO2 equivalent, SF6 in CO2 equivalent, NF3 in CO2 equivalent)","Total (excluding LULUCF and memo items, including international aviation)","56,146.98",""
"United Kingdom","2014","Thousand tonnes","Greenhouse gases (CO2, N2O in CO2 equivalent, CH4 in CO2 equivalent, HFC in CO2 equivalent, PFC in CO2 equivalent, SF6 in CO2 equivalent, NF3 in CO2 equivalent)","Total (excluding LULUCF and memo items, including international aviation)","558,960.19",""
"Iceland","2014","Thousand tonnes","Greenhouse gases (CO2, N2O in CO2 equivalent, CH4 in CO2 equivalent, HFC in CO2 equivalent, PFC in CO2 equivalent, SF6 in CO2 equivalent, NF3 in CO2 equivalent)","Total (excluding LULUCF and memo items, including international aviation)","5,286.45",""
"Liechtenstein","2014","Thousand tonnes","Greenhouse gases (CO2, N2O in CO2 equivalent, CH4 in CO2 equivalent, HFC in CO2 equivalent, PFC in CO2 equivalent, SF6 in CO2 equivalent, NF3 in CO2 equivalent)","Total (excluding LULUCF and memo items, including international aviation)","200.92",""
"Norway","2014","Thousand tonnes","Greenhouse gases (CO2, N2O in CO2 equivalent, CH4 in CO2 equivalent, HFC in CO2 equivalent, PFC in CO2 equivalent, SF6 in CO2 equivalent, NF3 in CO2 equivalent)","Total (excluding LULUCF and memo items, including international aviation)","55,706.21",""
"Switzerland","2014","Thousand tonnes","Greenhouse gases (CO2, N2O in CO2 equivalent, CH4 in CO2 equivalent, HFC in CO2 equivalent, PFC in CO2 equivalent, SF6 in CO2 equivalent, NF3 in CO2 equivalent)","Total (excluding LULUCF and memo items, including international aviation)","53,755.32",""
"Turkey","2014","Thousand tonnes","Greenhouse gases (CO2, N2O in CO2 equivalent, CH4 in CO2 equivalent, HFC in CO2 equivalent, PFC in CO2 equivalent, SF6 in CO2 equivalent, NF3 in CO2 equivalent)","Total (excluding LULUCF and memo items, including international aviation)","468,375.81",""
"Belgium","2015","Thousand tonnes","Greenhouse gases (CO2, N2O in CO2 equivalent, CH4 in CO2 equivalent, HFC in CO2 equivalent, PFC in CO2 equivalent, SF6 in CO2 equivalent, NF3 in CO2 equivalent)","Total (excluding LULUCF and memo items, including international aviation)","123,848.86",""
"Bulgaria","2015","Thousand tonnes","Greenhouse gases (CO2, N2O in CO2 equivalent, CH4 in CO2 equivalent, HFC in CO2 equivalent, PFC in CO2 equivalent, SF6 in CO2 equivalent, NF3 in CO2 equivalent)","Total (excluding LULUCF and memo items, including international aviation)","62,459.05",""
"Czechia","2015","Thousand tonnes","Greenhouse gases (CO2, N2O in CO2 equivalent, CH4 in CO2 equivalent, HFC in CO2 equivalent, PFC in CO2 equivalent, SF6 in CO2 equivalent, NF3 in CO2 equivalent)","Total (excluding LULUCF and memo items, including international aviation)","129,987.9",""
"Denmark","2015","Thousand tonnes","Greenhouse gases (CO2, N2O in CO2 equivalent, CH4 in CO2 equivalent, HFC in CO2 equivalent, PFC in CO2 equivalent, SF6 in CO2 equivalent, NF3 in CO2 equivalent)","Total (excluding LULUCF and memo items, including international aviation)","51,281.28",""
"Germany (until 1990 former territory of the FRG)","2015","Thousand tonnes","Greenhouse gases (CO2, N2O in CO2 equivalent, CH4 in CO2 equivalent, HFC in CO2 equivalent, PFC in CO2 equivalent, SF6 in CO2 equivalent, NF3 in CO2 equivalent)","Total (excluding LULUCF and memo items, including international aviation)","931,044.73",""
"Estonia","2015","Thousand tonnes","Greenhouse gases (CO2, N2O in CO2 equivalent, CH4 in CO2 equivalent, HFC in CO2 equivalent, PFC in CO2 equivalent, SF6 in CO2 equivalent, NF3 in CO2 equivalent)","Total (excluding LULUCF and memo items, including international aviation)","18,261.31",""
"Ireland","2015","Thousand tonnes","Greenhouse gases (CO2, N2O in CO2 equivalent, CH4 in CO2 equivalent, HFC in CO2 equivalent, PFC in CO2 equivalent, SF6 in CO2 equivalent, NF3 in CO2 equivalent)","Total (excluding LULUCF and memo items, including international aviation)","61,954.04",""
"Greece","2015","Thousand tonnes","Greenhouse gases (CO2, N2O in CO2 equivalent, CH4 in CO2 equivalent, HFC in CO2 equivalent, PFC in CO2 equivalent, SF6 in CO2 equivalent, NF3 in CO2 equivalent)","Total (excluding LULUCF and memo items, including international aviation)","98,375.68",""
"Spain","2015","Thousand tonnes","Greenhouse gases (CO2, N2O in CO2 equivalent, CH4 in CO2 equivalent, HFC in CO2 equivalent, PFC in CO2 equivalent, SF6 in CO2 equivalent, NF3 in CO2 equivalent)","Total (excluding LULUCF and memo items, including international aviation)","352,473.05",""
"France","2015","Thousand tonnes","Greenhouse gases (CO2, N2O in CO2 equivalent, CH4 in CO2 equivalent, HFC in CO2 equivalent, PFC in CO2 equivalent, SF6 in CO2 equivalent, NF3 in CO2 equivalent)","Total (excluding LULUCF and memo items, including international aviation)","474,962.43",""
"Croatia","2015","Thousand tonnes","Greenhouse gases (CO2, N2O in CO2 equivalent, CH4 in CO2 equivalent, HFC in CO2 equivalent, PFC in CO2 equivalent, SF6 in CO2 equivalent, NF3 in CO2 equivalent)","Total (excluding LULUCF and memo items, including international aviation)","24,482.37",""
"Italy","2015","Thousand tonnes","Greenhouse gases (CO2, N2O in CO2 equivalent, CH4 in CO2 equivalent, HFC in CO2 equivalent, PFC in CO2 equivalent, SF6 in CO2 equivalent, NF3 in CO2 equivalent)","Total (excluding LULUCF and memo items, including international aviation)","449,083.53",""
"Cyprus","2015","Thousand tonnes","Greenhouse gases (CO2, N2O in CO2 equivalent, CH4 in CO2 equivalent, HFC in CO2 equivalent, PFC in CO2 equivalent, SF6 in CO2 equivalent, NF3 in CO2 equivalent)","Total (excluding LULUCF and memo items, including international aviation)","9,100.33",""
"Latvia","2015","Thousand tonnes","Greenhouse gases (CO2, N2O in CO2 equivalent, CH4 in CO2 equivalent, HFC in CO2 equivalent, PFC in CO2 equivalent, SF6 in CO2 equivalent, NF3 in CO2 equivalent)","Total (excluding LULUCF and memo items, including international aviation)","11,526.99",""
"Lithuania","2015","Thousand tonnes","Greenhouse gases (CO2, N2O in CO2 equivalent, CH4 in CO2 equivalent, HFC in CO2 equivalent, PFC in CO2 equivalent, SF6 in CO2 equivalent, NF3 in CO2 equivalent)","Total (excluding LULUCF and memo items, including international aviation)","20,647.57",""
"Luxembourg","2015","Thousand tonnes","Greenhouse gases (CO2, N2O in CO2 equivalent, CH4 in CO2 equivalent, HFC in CO2 equivalent, PFC in CO2 equivalent, SF6 in CO2 equivalent, NF3 in CO2 equivalent)","Total (excluding LULUCF and memo items, including international aviation)","11,642.96",""
"Hungary","2015","Thousand tonnes","Greenhouse gases (CO2, N2O in CO2 equivalent, CH4 in CO2 equivalent, HFC in CO2 equivalent, PFC in CO2 equivalent, SF6 in CO2 equivalent, NF3 in CO2 equivalent)","Total (excluding LULUCF and memo items, including international aviation)","61,353.69",""
"Malta","2015","Thousand tonnes","Greenhouse gases (CO2, N2O in CO2 equivalent, CH4 in CO2 equivalent, HFC in CO2 equivalent, PFC in CO2 equivalent, SF6 in CO2 equivalent, NF3 in CO2 equivalent)","Total (excluding LULUCF and memo items, including international aviation)","2,607.3",""
"Netherlands","2015","Thousand tonnes","Greenhouse gases (CO2, N2O in CO2 equivalent, CH4 in CO2 equivalent, HFC in CO2 equivalent, PFC in CO2 equivalent, SF6 in CO2 equivalent, NF3 in CO2 equivalent)","Total (excluding LULUCF and memo items, including international aviation)","207,351.1",""
"Austria","2015","Thousand tonnes","Greenhouse gases (CO2, N2O in CO2 equivalent, CH4 in CO2 equivalent, HFC in CO2 equivalent, PFC in CO2 equivalent, SF6 in CO2 equivalent, NF3 in CO2 equivalent)","Total (excluding LULUCF and memo items, including international aviation)","80,658.9",""
"Poland","2015","Thousand tonnes","Greenhouse gases (CO2, N2O in CO2 equivalent, CH4 in CO2 equivalent, HFC in CO2 equivalent, PFC in CO2 equivalent, SF6 in CO2 equivalent, NF3 in CO2 equivalent)","Total (excluding LULUCF and memo items, including international aviation)","393,564.48",""
"Portugal","2015","Thousand tonnes","Greenhouse gases (CO2, N2O in CO2 equivalent, CH4 in CO2 equivalent, HFC in CO2 equivalent, PFC in CO2 equivalent, SF6 in CO2 equivalent, NF3 in CO2 equivalent)","Total (excluding LULUCF and memo items, including international aviation)","71,034.97",""
"Romania","2015","Thousand tonnes","Greenhouse gases (CO2, N2O in CO2 equivalent, CH4 in CO2 equivalent, HFC in CO2 equivalent, PFC in CO2 equivalent, SF6 in CO2 equivalent, NF3 in CO2 equivalent)","Total (excluding LULUCF and memo items, including international aviation)","117,142.09",""
"Slovenia","2015","Thousand tonnes","Greenhouse gases (CO2, N2O in CO2 equivalent, CH4 in CO2 equivalent, HFC in CO2 equivalent, PFC in CO2 equivalent, SF6 in CO2 equivalent, NF3 in CO2 equivalent)","Total (excluding LULUCF and memo items, including international aviation)","16,825.69",""
"Slovakia","2015","Thousand tonnes","Greenhouse gases (CO2, N2O in CO2 equivalent, CH4 in CO2 equivalent, HFC in CO2 equivalent, PFC in CO2 equivalent, SF6 in CO2 equivalent, NF3 in CO2 equivalent)","Total (excluding LULUCF and memo items, including international aviation)","41,976.27",""
"Finland","2015","Thousand tonnes","Greenhouse gases (CO2, N2O in CO2 equivalent, CH4 in CO2 equivalent, HFC in CO2 equivalent, PFC in CO2 equivalent, SF6 in CO2 equivalent, NF3 in CO2 equivalent)","Total (excluding LULUCF and memo items, including international aviation)","57,120.12",""
"Sweden","2015","Thousand tonnes","Greenhouse gases (CO2, N2O in CO2 equivalent, CH4 in CO2 equivalent, HFC in CO2 equivalent, PFC in CO2 equivalent, SF6 in CO2 equivalent, NF3 in CO2 equivalent)","Total (excluding LULUCF and memo items, including international aviation)","55,937.92",""
"United Kingdom","2015","Thousand tonnes","Greenhouse gases (CO2, N2O in CO2 equivalent, CH4 in CO2 equivalent, HFC in CO2 equivalent, PFC in CO2 equivalent, SF6 in CO2 equivalent, NF3 in CO2 equivalent)","Total (excluding LULUCF and memo items, including international aviation)","541,747.46",""
"Iceland","2015","Thousand tonnes","Greenhouse gases (CO2, N2O in CO2 equivalent, CH4 in CO2 equivalent, HFC in CO2 equivalent, PFC in CO2 equivalent, SF6 in CO2 equivalent, NF3 in CO2 equivalent)","Total (excluding LULUCF and memo items, including international aviation)","5,479.54",""
"Liechtenstein","2015","Thousand tonnes","Greenhouse gases (CO2, N2O in CO2 equivalent, CH4 in CO2 equivalent, HFC in CO2 equivalent, PFC in CO2 equivalent, SF6 in CO2 equivalent, NF3 in CO2 equivalent)","Total (excluding LULUCF and memo items, including international aviation)","198.99",""
"Norway","2015","Thousand tonnes","Greenhouse gases (CO2, N2O in CO2 equivalent, CH4 in CO2 equivalent, HFC in CO2 equivalent, PFC in CO2 equivalent, SF6 in CO2 equivalent, NF3 in CO2 equivalent)","Total (excluding LULUCF and memo items, including international aviation)","56,019.68",""
"Switzerland","2015","Thousand tonnes","Greenhouse gases (CO2, N2O in CO2 equivalent, CH4 in CO2 equivalent, HFC in CO2 equivalent, PFC in CO2 equivalent, SF6 in CO2 equivalent, NF3 in CO2 equivalent)","Total (excluding LULUCF and memo items, including international aviation)","53,457.4",""
"Turkey","2015","Thousand tonnes","Greenhouse gases (CO2, N2O in CO2 equivalent, CH4 in CO2 equivalent, HFC in CO2 equivalent, PFC in CO2 equivalent, SF6 in CO2 equivalent, NF3 in CO2 equivalent)","Total (excluding LULUCF and memo items, including international aviation)","483,774.51",""
"Belgium","2016","Thousand tonnes","Greenhouse gases (CO2, N2O in CO2 equivalent, CH4 in CO2 equivalent, HFC in CO2 equivalent, PFC in CO2 equivalent, SF6 in CO2 equivalent, NF3 in CO2 equivalent)","Total (excluding LULUCF and memo items, including international aviation)","122,585.92",""
"Bulgaria","2016","Thousand tonnes","Greenhouse gases (CO2, N2O in CO2 equivalent, CH4 in CO2 equivalent, HFC in CO2 equivalent, PFC in CO2 equivalent, SF6 in CO2 equivalent, NF3 in CO2 equivalent)","Total (excluding LULUCF and memo items, including international aviation)","59,992.95",""
"Czechia","2016","Thousand tonnes","Greenhouse gases (CO2, N2O in CO2 equivalent, CH4 in CO2 equivalent, HFC in CO2 equivalent, PFC in CO2 equivalent, SF6 in CO2 equivalent, NF3 in CO2 equivalent)","Total (excluding LULUCF and memo items, including international aviation)","131,850.94",""
"Denmark","2016","Thousand tonnes","Greenhouse gases (CO2, N2O in CO2 equivalent, CH4 in CO2 equivalent, HFC in CO2 equivalent, PFC in CO2 equivalent, SF6 in CO2 equivalent, NF3 in CO2 equivalent)","Total (excluding LULUCF and memo items, including international aviation)","53,514.54",""
"Germany (until 1990 former territory of the FRG)","2016","Thousand tonnes","Greenhouse gases (CO2, N2O in CO2 equivalent, CH4 in CO2 equivalent, HFC in CO2 equivalent, PFC in CO2 equivalent, SF6 in CO2 equivalent, NF3 in CO2 equivalent)","Total (excluding LULUCF and memo items, including international aviation)","935,789.28",""
"Estonia","2016","Thousand tonnes","Greenhouse gases (CO2, N2O in CO2 equivalent, CH4 in CO2 equivalent, HFC in CO2 equivalent, PFC in CO2 equivalent, SF6 in CO2 equivalent, NF3 in CO2 equivalent)","Total (excluding LULUCF and memo items, including international aviation)","19,779.49",""
"Ireland","2016","Thousand tonnes","Greenhouse gases (CO2, N2O in CO2 equivalent, CH4 in CO2 equivalent, HFC in CO2 equivalent, PFC in CO2 equivalent, SF6 in CO2 equivalent, NF3 in CO2 equivalent)","Total (excluding LULUCF and memo items, including international aviation)","64,094.47",""
"Greece","2016","Thousand tonnes","Greenhouse gases (CO2, N2O in CO2 equivalent, CH4 in CO2 equivalent, HFC in CO2 equivalent, PFC in CO2 equivalent, SF6 in CO2 equivalent, NF3 in CO2 equivalent)","Total (excluding LULUCF and memo items, including international aviation)","94,946.06",""
"Spain","2016","Thousand tonnes","Greenhouse gases (CO2, N2O in CO2 equivalent, CH4 in CO2 equivalent, HFC in CO2 equivalent, PFC in CO2 equivalent, SF6 in CO2 equivalent, NF3 in CO2 equivalent)","Total (excluding LULUCF and memo items, including international aviation)","342,728.96",""
"France","2016","Thousand tonnes","Greenhouse gases (CO2, N2O in CO2 equivalent, CH4 in CO2 equivalent, HFC in CO2 equivalent, PFC in CO2 equivalent, SF6 in CO2 equivalent, NF3 in CO2 equivalent)","Total (excluding LULUCF and memo items, including international aviation)","475,829.67",""
"Croatia","2016","Thousand tonnes","Greenhouse gases (CO2, N2O in CO2 equivalent, CH4 in CO2 equivalent, HFC in CO2 equivalent, PFC in CO2 equivalent, SF6 in CO2 equivalent, NF3 in CO2 equivalent)","Total (excluding LULUCF and memo items, including international aviation)","24,654.25",""
"Italy","2016","Thousand tonnes","Greenhouse gases (CO2, N2O in CO2 equivalent, CH4 in CO2 equivalent, HFC in CO2 equivalent, PFC in CO2 equivalent, SF6 in CO2 equivalent, NF3 in CO2 equivalent)","Total (excluding LULUCF and memo items, including international aviation)","446,472.03",""
"Cyprus","2016","Thousand tonnes","Greenhouse gases (CO2, N2O in CO2 equivalent, CH4 in CO2 equivalent, HFC in CO2 equivalent, PFC in CO2 equivalent, SF6 in CO2 equivalent, NF3 in CO2 equivalent)","Total (excluding LULUCF and memo items, including international aviation)","9,676.36",""
"Latvia","2016","Thousand tonnes","Greenhouse gases (CO2, N2O in CO2 equivalent, CH4 in CO2 equivalent, HFC in CO2 equivalent, PFC in CO2 equivalent, SF6 in CO2 equivalent, NF3 in CO2 equivalent)","Total (excluding LULUCF and memo items, including international aviation)","11,564.48",""
"Lithuania","2016","Thousand tonnes","Greenhouse gases (CO2, N2O in CO2 equivalent, CH4 in CO2 equivalent, HFC in CO2 equivalent, PFC in CO2 equivalent, SF6 in CO2 equivalent, NF3 in CO2 equivalent)","Total (excluding LULUCF and memo items, including international aviation)","20,709.67",""
"Luxembourg","2016","Thousand tonnes","Greenhouse gases (CO2, N2O in CO2 equivalent, CH4 in CO2 equivalent, HFC in CO2 equivalent, PFC in CO2 equivalent, SF6 in CO2 equivalent, NF3 in CO2 equivalent)","Total (excluding LULUCF and memo items, including international aviation)","11,551.9",""
"Hungary","2016","Thousand tonnes","Greenhouse gases (CO2, N2O in CO2 equivalent, CH4 in CO2 equivalent, HFC in CO2 equivalent, PFC in CO2 equivalent, SF6 in CO2 equivalent, NF3 in CO2 equivalent)","Total (excluding LULUCF and memo items, including international aviation)","61,848.03",""
"Malta","2016","Thousand tonnes","Greenhouse gases (CO2, N2O in CO2 equivalent, CH4 in CO2 equivalent, HFC in CO2 equivalent, PFC in CO2 equivalent, SF6 in CO2 equivalent, NF3 in CO2 equivalent)","Total (excluding LULUCF and memo items, including international aviation)","2,321.13",""
"Netherlands","2016","Thousand tonnes","Greenhouse gases (CO2, N2O in CO2 equivalent, CH4 in CO2 equivalent, HFC in CO2 equivalent, PFC in CO2 equivalent, SF6 in CO2 equivalent, NF3 in CO2 equivalent)","Total (excluding LULUCF and memo items, including international aviation)","207,217.39",""
"Austria","2016","Thousand tonnes","Greenhouse gases (CO2, N2O in CO2 equivalent, CH4 in CO2 equivalent, HFC in CO2 equivalent, PFC in CO2 equivalent, SF6 in CO2 equivalent, NF3 in CO2 equivalent)","Total (excluding LULUCF and memo items, including international aviation)","81,811.56",""
"Poland","2016","Thousand tonnes","Greenhouse gases (CO2, N2O in CO2 equivalent, CH4 in CO2 equivalent, HFC in CO2 equivalent, PFC in CO2 equivalent, SF6 in CO2 equivalent, NF3 in CO2 equivalent)","Total (excluding LULUCF and memo items, including international aviation)","402,287.01",""
"Portugal","2016","Thousand tonnes","Greenhouse gases (CO2, N2O in CO2 equivalent, CH4 in CO2 equivalent, HFC in CO2 equivalent, PFC in CO2 equivalent, SF6 in CO2 equivalent, NF3 in CO2 equivalent)","Total (excluding LULUCF and memo items, including international aviation)","69,419.51",""
"Romania","2016","Thousand tonnes","Greenhouse gases (CO2, N2O in CO2 equivalent, CH4 in CO2 equivalent, HFC in CO2 equivalent, PFC in CO2 equivalent, SF6 in CO2 equivalent, NF3 in CO2 equivalent)","Total (excluding LULUCF and memo items, including international aviation)","115,166.22",""
"Slovenia","2016","Thousand tonnes","Greenhouse gases (CO2, N2O in CO2 equivalent, CH4 in CO2 equivalent, HFC in CO2 equivalent, PFC in CO2 equivalent, SF6 in CO2 equivalent, NF3 in CO2 equivalent)","Total (excluding LULUCF and memo items, including international aviation)","17,668.72",""
"Slovakia","2016","Thousand tonnes","Greenhouse gases (CO2, N2O in CO2 equivalent, CH4 in CO2 equivalent, HFC in CO2 equivalent, PFC in CO2 equivalent, SF6 in CO2 equivalent, NF3 in CO2 equivalent)","Total (excluding LULUCF and memo items, including international aviation)","42,472.05",""
"Finland","2016","Thousand tonnes","Greenhouse gases (CO2, N2O in CO2 equivalent, CH4 in CO2 equivalent, HFC in CO2 equivalent, PFC in CO2 equivalent, SF6 in CO2 equivalent, NF3 in CO2 equivalent)","Total (excluding LULUCF and memo items, including international aviation)","60,078.34",""
"Sweden","2016","Thousand tonnes","Greenhouse gases (CO2, N2O in CO2 equivalent, CH4 in CO2 equivalent, HFC in CO2 equivalent, PFC in CO2 equivalent, SF6 in CO2 equivalent, NF3 in CO2 equivalent)","Total (excluding LULUCF and memo items, including international aviation)","55,848.68",""
"United Kingdom","2016","Thousand tonnes","Greenhouse gases (CO2, N2O in CO2 equivalent, CH4 in CO2 equivalent, HFC in CO2 equivalent, PFC in CO2 equivalent, SF6 in CO2 equivalent, NF3 in CO2 equivalent)","Total (excluding LULUCF and memo items, including international aviation)","516,325.11",""
"Iceland","2016","Thousand tonnes","Greenhouse gases (CO2, N2O in CO2 equivalent, CH4 in CO2 equivalent, HFC in CO2 equivalent, PFC in CO2 equivalent, SF6 in CO2 equivalent, NF3 in CO2 equivalent)","Total (excluding LULUCF and memo items, including international aviation)","5,679.28",""
"Liechtenstein","2016","Thousand tonnes","Greenhouse gases (CO2, N2O in CO2 equivalent, CH4 in CO2 equivalent, HFC in CO2 equivalent, PFC in CO2 equivalent, SF6 in CO2 equivalent, NF3 in CO2 equivalent)","Total (excluding LULUCF and memo items, including international aviation)","188.92",""
"Norway","2016","Thousand tonnes","Greenhouse gases (CO2, N2O in CO2 equivalent, CH4 in CO2 equivalent, HFC in CO2 equivalent, PFC in CO2 equivalent, SF6 in CO2 equivalent, NF3 in CO2 equivalent)","Total (excluding LULUCF and memo items, including international aviation)","55,054.91",""
"Switzerland","2016","Thousand tonnes","Greenhouse gases (CO2, N2O in CO2 equivalent, CH4 in CO2 equivalent, HFC in CO2 equivalent, PFC in CO2 equivalent, SF6 in CO2 equivalent, NF3 in CO2 equivalent)","Total (excluding LULUCF and memo items, including international aviation)","54,005.63",""
"Turkey","2016","Thousand tonnes","Greenhouse gases (CO2, N2O in CO2 equivalent, CH4 in CO2 equivalent, HFC in CO2 equivalent, PFC in CO2 equivalent, SF6 in CO2 equivalent, NF3 in CO2 equivalent)","Total (excluding LULUCF and memo items, including international aviation)","508,462.1",""
"Belgium","2017","Thousand tonnes","Greenhouse gases (CO2, N2O in CO2 equivalent, CH4 in CO2 equivalent, HFC in CO2 equivalent, PFC in CO2 equivalent, SF6 in CO2 equivalent, NF3 in CO2 equivalent)","Total (excluding LULUCF and memo items, including international aviation)","122,844.14",""
"Bulgaria","2017","Thousand tonnes","Greenhouse gases (CO2, N2O in CO2 equivalent, CH4 in CO2 equivalent, HFC in CO2 equivalent, PFC in CO2 equivalent, SF6 in CO2 equivalent, NF3 in CO2 equivalent)","Total (excluding LULUCF and memo items, including international aviation)","62,407.78",""
"Czechia","2017","Thousand tonnes","Greenhouse gases (CO2, N2O in CO2 equivalent, CH4 in CO2 equivalent, HFC in CO2 equivalent, PFC in CO2 equivalent, SF6 in CO2 equivalent, NF3 in CO2 equivalent)","Total (excluding LULUCF and memo items, including international aviation)","130,859.9",""
"Denmark","2017","Thousand tonnes","Greenhouse gases (CO2, N2O in CO2 equivalent, CH4 in CO2 equivalent, HFC in CO2 equivalent, PFC in CO2 equivalent, SF6 in CO2 equivalent, NF3 in CO2 equivalent)","Total (excluding LULUCF and memo items, including international aviation)","51,288.77",""
"Germany (until 1990 former territory of the FRG)","2017","Thousand tonnes","Greenhouse gases (CO2, N2O in CO2 equivalent, CH4 in CO2 equivalent, HFC in CO2 equivalent, PFC in CO2 equivalent, SF6 in CO2 equivalent, NF3 in CO2 equivalent)","Total (excluding LULUCF and memo items, including international aviation)","923,767.98",""
"Estonia","2017","Thousand tonnes","Greenhouse gases (CO2, N2O in CO2 equivalent, CH4 in CO2 equivalent, HFC in CO2 equivalent, PFC in CO2 equivalent, SF6 in CO2 equivalent, NF3 in CO2 equivalent)","Total (excluding LULUCF and memo items, including international aviation)","21,104.36",""
"Ireland","2017","Thousand tonnes","Greenhouse gases (CO2, N2O in CO2 equivalent, CH4 in CO2 equivalent, HFC in CO2 equivalent, PFC in CO2 equivalent, SF6 in CO2 equivalent, NF3 in CO2 equivalent)","Total (excluding LULUCF and memo items, including international aviation)","64,067.6",""
"Greece","2017","Thousand tonnes","Greenhouse gases (CO2, N2O in CO2 equivalent, CH4 in CO2 equivalent, HFC in CO2 equivalent, PFC in CO2 equivalent, SF6 in CO2 equivalent, NF3 in CO2 equivalent)","Total (excluding LULUCF and memo items, including international aviation)","99,049.73",""
"Spain","2017","Thousand tonnes","Greenhouse gases (CO2, N2O in CO2 equivalent, CH4 in CO2 equivalent, HFC in CO2 equivalent, PFC in CO2 equivalent, SF6 in CO2 equivalent, NF3 in CO2 equivalent)","Total (excluding LULUCF and memo items, including international aviation)","357,364.1",""
"France","2017","Thousand tonnes","Greenhouse gases (CO2, N2O in CO2 equivalent, CH4 in CO2 equivalent, HFC in CO2 equivalent, PFC in CO2 equivalent, SF6 in CO2 equivalent, NF3 in CO2 equivalent)","Total (excluding LULUCF and memo items, including international aviation)","480,931.4",""
"Croatia","2017","Thousand tonnes","Greenhouse gases (CO2, N2O in CO2 equivalent, CH4 in CO2 equivalent, HFC in CO2 equivalent, PFC in CO2 equivalent, SF6 in CO2 equivalent, NF3 in CO2 equivalent)","Total (excluding LULUCF and memo items, including international aviation)","25,484.91",""
"Italy","2017","Thousand tonnes","Greenhouse gases (CO2, N2O in CO2 equivalent, CH4 in CO2 equivalent, HFC in CO2 equivalent, PFC in CO2 equivalent, SF6 in CO2 equivalent, NF3 in CO2 equivalent)","Total (excluding LULUCF and memo items, including international aviation)","442,575.73",""
"Cyprus","2017","Thousand tonnes","Greenhouse gases (CO2, N2O in CO2 equivalent, CH4 in CO2 equivalent, HFC in CO2 equivalent, PFC in CO2 equivalent, SF6 in CO2 equivalent, NF3 in CO2 equivalent)","Total (excluding LULUCF and memo items, including international aviation)","9,980.9",""
"Latvia","2017","Thousand tonnes","Greenhouse gases (CO2, N2O in CO2 equivalent, CH4 in CO2 equivalent, HFC in CO2 equivalent, PFC in CO2 equivalent, SF6 in CO2 equivalent, NF3 in CO2 equivalent)","Total (excluding LULUCF and memo items, including international aviation)","11,667.12",""
"Lithuania","2017","Thousand tonnes","Greenhouse gases (CO2, N2O in CO2 equivalent, CH4 in CO2 equivalent, HFC in CO2 equivalent, PFC in CO2 equivalent, SF6 in CO2 equivalent, NF3 in CO2 equivalent)","Total (excluding LULUCF and memo items, including international aviation)","20,937.95",""
"Luxembourg","2017","Thousand tonnes","Greenhouse gases (CO2, N2O in CO2 equivalent, CH4 in CO2 equivalent, HFC in CO2 equivalent, PFC in CO2 equivalent, SF6 in CO2 equivalent, NF3 in CO2 equivalent)","Total (excluding LULUCF and memo items, including international aviation)","11,933.1",""
"Hungary","2017","Thousand tonnes","Greenhouse gases (CO2, N2O in CO2 equivalent, CH4 in CO2 equivalent, HFC in CO2 equivalent, PFC in CO2 equivalent, SF6 in CO2 equivalent, NF3 in CO2 equivalent)","Total (excluding LULUCF and memo items, including international aviation)","64,467.4",""
"Malta","2017","Thousand tonnes","Greenhouse gases (CO2, N2O in CO2 equivalent, CH4 in CO2 equivalent, HFC in CO2 equivalent, PFC in CO2 equivalent, SF6 in CO2 equivalent, NF3 in CO2 equivalent)","Total (excluding LULUCF and memo items, including international aviation)","2,587.3",""
"Netherlands","2017","Thousand tonnes","Greenhouse gases (CO2, N2O in CO2 equivalent, CH4 in CO2 equivalent, HFC in CO2 equivalent, PFC in CO2 equivalent, SF6 in CO2 equivalent, NF3 in CO2 equivalent)","Total (excluding LULUCF and memo items, including international aviation)","205,445.97",""
"Austria","2017","Thousand tonnes","Greenhouse gases (CO2, N2O in CO2 equivalent, CH4 in CO2 equivalent, HFC in CO2 equivalent, PFC in CO2 equivalent, SF6 in CO2 equivalent, NF3 in CO2 equivalent)","Total (excluding LULUCF and memo items, including international aviation)","84,288.11",""
"Poland","2017","Thousand tonnes","Greenhouse gases (CO2, N2O in CO2 equivalent, CH4 in CO2 equivalent, HFC in CO2 equivalent, PFC in CO2 equivalent, SF6 in CO2 equivalent, NF3 in CO2 equivalent)","Total (excluding LULUCF and memo items, including international aviation)","417,195.5",""
"Portugal","2017","Thousand tonnes","Greenhouse gases (CO2, N2O in CO2 equivalent, CH4 in CO2 equivalent, HFC in CO2 equivalent, PFC in CO2 equivalent, SF6 in CO2 equivalent, NF3 in CO2 equivalent)","Total (excluding LULUCF and memo items, including international aviation)","74,508.83",""
"Romania","2017","Thousand tonnes","Greenhouse gases (CO2, N2O in CO2 equivalent, CH4 in CO2 equivalent, HFC in CO2 equivalent, PFC in CO2 equivalent, SF6 in CO2 equivalent, NF3 in CO2 equivalent)","Total (excluding LULUCF and memo items, including international aviation)","117,890.96",""
"Slovenia","2017","Thousand tonnes","Greenhouse gases (CO2, N2O in CO2 equivalent, CH4 in CO2 equivalent, HFC in CO2 equivalent, PFC in CO2 equivalent, SF6 in CO2 equivalent, NF3 in CO2 equivalent)","Total (excluding LULUCF and memo items, including international aviation)","17,441.07",""
"Slovakia","2017","Thousand tonnes","Greenhouse gases (CO2, N2O in CO2 equivalent, CH4 in CO2 equivalent, HFC in CO2 equivalent, PFC in CO2 equivalent, SF6 in CO2 equivalent, NF3 in CO2 equivalent)","Total (excluding LULUCF and memo items, including international aviation)","43,641.68",""
"Finland","2017","Thousand tonnes","Greenhouse gases (CO2, N2O in CO2 equivalent, CH4 in CO2 equivalent, HFC in CO2 equivalent, PFC in CO2 equivalent, SF6 in CO2 equivalent, NF3 in CO2 equivalent)","Total (excluding LULUCF and memo items, including international aviation)","57,504.46",""
"Sweden","2017","Thousand tonnes","Greenhouse gases (CO2, N2O in CO2 equivalent, CH4 in CO2 equivalent, HFC in CO2 equivalent, PFC in CO2 equivalent, SF6 in CO2 equivalent, NF3 in CO2 equivalent)","Total (excluding LULUCF and memo items, including international aviation)","55,506.1",""
"United Kingdom","2017","Thousand tonnes","Greenhouse gases (CO2, N2O in CO2 equivalent, CH4 in CO2 equivalent, HFC in CO2 equivalent, PFC in CO2 equivalent, SF6 in CO2 equivalent, NF3 in CO2 equivalent)","Total (excluding LULUCF and memo items, including international aviation)","507,693.67",""
"Iceland","2017","Thousand tonnes","Greenhouse gases (CO2, N2O in CO2 equivalent, CH4 in CO2 equivalent, HFC in CO2 equivalent, PFC in CO2 equivalent, SF6 in CO2 equivalent, NF3 in CO2 equivalent)","Total (excluding LULUCF and memo items, including international aviation)","5,991.98",""
"Liechtenstein","2017","Thousand tonnes","Greenhouse gases (CO2, N2O in CO2 equivalent, CH4 in CO2 equivalent, HFC in CO2 equivalent, PFC in CO2 equivalent, SF6 in CO2 equivalent, NF3 in CO2 equivalent)","Total (excluding LULUCF and memo items, including international aviation)","194.86",""
"Norway","2017","Thousand tonnes","Greenhouse gases (CO2, N2O in CO2 equivalent, CH4 in CO2 equivalent, HFC in CO2 equivalent, PFC in CO2 equivalent, SF6 in CO2 equivalent, NF3 in CO2 equivalent)","Total (excluding LULUCF and memo items, including international aviation)","54,063.66",""
"Switzerland","2017","Thousand tonnes","Greenhouse gases (CO2, N2O in CO2 equivalent, CH4 in CO2 equivalent, HFC in CO2 equivalent, PFC in CO2 equivalent, SF6 in CO2 equivalent, NF3 in CO2 equivalent)","Total (excluding LULUCF and memo items, including international aviation)","53,317.11",""
"Turkey","2017","Thousand tonnes","Greenhouse gases (CO2, N2O in CO2 equivalent, CH4 in CO2 equivalent, HFC in CO2 equivalent, PFC in CO2 equivalent, SF6 in CO2 equivalent, NF3 in CO2 equivalent)","Total (excluding LULUCF and memo items, including international aviation)","534,861.39",""
